First Name,Last Name,Email
Derek,Luong,derek@gmail.com
Jayden,Flash,jflash@yahoo.com
Becky,Flash,bflash@gmail.com
John,Harris,john.harris@gmail.com
Tanja,Yost,tanjayyahoo.com
Ben,Endicott,ben.endi@facebook
Ranjan,Nanda,ranjan.nanda@twitter.com
Raj,Rajaram,raj.raj@facebook.com.
Chris,Harris,chris.harris@gmail.
